Entity,Total Prevalence,Tracking Prevalence,Non-tracking Prevalence
"Google LLC",0.895,0.804,0.091
"Microsoft Corporation",0.44,0.413,0.0273
"Amazon Technologies, Inc.",0.412,0.323,0.0897
"Adobe Inc.",0.355,0.322,0.0329
"Facebook, Inc.",0.324,0.283,0.0415
"The Trade Desk Inc",0.324,0.303,0.0216
"Verizon Media",0.307,0.303,0.00393
"Magnite, Inc.",0.296,0.286,0.0101
"PubMatic, Inc.",0.273,0.253,0.0204
"LiveRamp Holdings, Inc.",0.268,0.228,0.0399
"Oracle Corporation",0.261,0.25,0.0106
"Index Exchange, Inc.",0.261,0.24,0.0208
"IPONWEB GmbH",0.247,0.236,0.0107
"OpenX Technologies Inc",0.245,0.244,0.00101
"TripleLift",0.24,0.231,0.00957
"Tapad, Inc.",0.227,0.225,0.00131
"Criteo SA",0.213,0.144,0.069
"Smartadserver S.A.S",0.213,0.206,0.00735
"Cloudflare, Inc.",0.212,0.113,0.0983
"comScore, Inc",0.202,0.194,0.00836
"Lotame Solutions, Inc.",0.193,0.19,0.00363
"Conversant LLC",0.191,0.185,0.00614
"MediaMath, Inc.",0.189,0.189,0.000503
"Quantcast Corporation",0.186,0.18,0.00604
"Outbrain",0.184,0.179,0.00463
"Pulsepoint, Inc.",0.179,0.178,0.00151
"Sharethrough, Inc.",0.174,0.158,0.016
"Sovrn Holdings",0.174,0.172,0.00161
"Amobee, Inc",0.169,0.168,0.00101
"Collective Roll",0.168,0.167,0.000906
"Improve Digital BV",0.161,0.159,0.00171
"ID5 Technology Ltd",0.16,0.152,0.00785
"Beeswax",0.157,0.157,0.000403
"Simplifi Holdings Inc.",0.155,0.155,0.000403
"Media.net Advertising FZ-LLC",0.154,0.147,0.00715
"Adelphic, Inc.",0.149,0.149,0.000604
"33Across, Inc.",0.139,0.135,0.00433
"Akamai Technologies",0.137,0.0958,0.0417
"Centro, Inc.",0.136,0.135,0.00131
"YieldMo, Inc.",0.135,0.132,0.00272
"OneTrust LLC",0.135,0.122,0.0131
"Synacor, Inc.",0.132,0.13,0.00111
"RhythmOne",0.13,0.125,0.00463
"GumGum",0.127,0.124,0.00292
"Taboola, Inc.",0.127,0.101,0.0269
"RTB House S.A.",0.127,0.123,0.00383
"Adform A/S",0.126,0.118,0.00745
"Twitter, Inc.",0.123,0.112,0.0107
"DeepIntent Inc",0.123,0.122,0.000503
"Salesforce.com, Inc.",0.122,0.114,0.00785
"Nativo, Inc",0.122,0.113,0.00906
"Unruly Group Limited",0.118,0.114,0.00393
"Supership Inc",0.118,0.114,0.00363
"Neustar, Inc.",0.115,0.112,0.00332
"Throtle",0.113,0.105,0.00795
"Prospect One",0.11,0.0307,0.0793
"Sonobi, Inc",0.0998,0.0985,0.00131
"Kargo Global, Inc.",0.0996,0.0988,0.000806
"LoopMe Ltd",0.0993,0.0982,0.00111
"LiveIntent Inc.",0.0986,0.0947,0.00393
"Smaato Inc.",0.0935,0.0919,0.00161
"ADman Media",0.0927,0.0802,0.0126
"Teads ( Luxenbourg ) SA",0.0919,0.0868,0.00514
"Zeta Global",0.0912,0.0902,0.00101
"Roku, Inc.",0.0908,0.0907,0.000101
"AdTheorent Inc",0.0878,0.00272,0.0851
"Pinterest, Inc.",0.0859,0.0776,0.00826
"The Nielsen Company",0.0822,0.0683,0.0139
"OneTag Limited",0.0819,0,0.0819
"WPP plc",0.0792,0.0788,0.000403
"AdGear Technologies Inc.",0.0783,0.0777,0.000604
"Integral Ad Science, Inc.",0.0722,0.0351,0.0371
"Hotjar Ltd",0.0722,0.0645,0.00765
"Beachfront Media LLC",0.0699,0.0697,0.000201
"StackPath, LLC",0.0665,0.00715,0.0593
"Exponential Interactive Inc.",0.0645,0.0637,0.000806
"Cognitiv Corp.",0.0642,0.0631,0.00111
"New Relic",0.0638,0.0605,0.00332
"Automattic, Inc.",0.062,0.0363,0.0258
"Adyoulike",0.0618,0.0607,0.00111
"ByteDance Ltd.",0.0603,0.0595,0.000806
"Fastly, Inc.",0.0591,0.0175,0.0416
"Blockthrough Inc.",0.0591,0.0488,0.0103
"SpotX, Inc.",0.0584,0.0572,0.00121
"FreeWheel",0.0583,0.0576,0.000705
"Merkle Inc",0.0556,0.0541,0.00151
"Colossus Media, LLC",0.0547,0,0.0547
"easyAd Deutschland GmbH",0.0544,0,0.0544
"InMobi Pte Ltd",0.0538,0.0196,0.0341
"Fonticons Inc",0.0536,0.00665,0.0469
"unpkg",0.0509,0.00846,0.0424
"Sirius XM Holdings Inc.",0.0509,0.0469,0.00393
"OpenJS Foundation",0.0499,0.0274,0.0226
"eyeota Limited",0.0498,0.0498,0
"Audigent",0.0498,0.0467,0.00312
"Valassis Digital",0.0489,0.0483,0.000604
"Undertone Networks",0.0483,0.0454,0.00292
"Mediavine, Inc.",0.0483,0.0476,0.000705
"Bidtellect, Inc",0.0476,0.0461,0.00151
"AcuityAds",0.0473,0.0463,0.00101
"Monet Engine Inc.",0.0469,0.0281,0.0188
"Clickagy",0.0464,0.046,0.000403
"Intent IQ, LLC",0.0451,0.0451,0
"Chartbeat",0.0449,0.0408,0.00413
"Flashtalking Inc",0.044,0.039,0.00503
"Snap Inc.",0.0436,0.0436,0
"Telaria",0.0419,0.0257,0.0162
"Parsely, Inc.",0.0412,0.0364,0.00483
"ironSource Ltd",0.0383,0.034,0.00423
"LongTail Ad Solutions, Inc.",0.0365,0.0108,0.0257
"Crazy Egg, Inc.",0.0356,0.0261,0.00957
"AdRoll, Inc.",0.0343,0.0126,0.0218
"Permutive, Inc.",0.0334,0.0306,0.00282
"The Financial Times Limited",0.0332,0,0.0332
"Leven Labs, Inc. DBA Admiral",0.0327,0.0295,0.00322
"Tealium Inc.",0.0319,0.0285,0.00342
"Optimizely, Inc.",0.0317,0.0238,0.00795
"ExoClick, S.L.",0.0312,0.0294,0.00181
"Disqus, Inc.",0.0305,0.0196,0.0109
"Skimbit LTD",0.0296,0.0243,0.00534
"Bombora Inc.",0.0292,0.0274,0.00181
"Adagio",0.0283,0.0272,0.00111
"Opera Software AS",0.0282,0.027,0.00121
"Reddit Inc.",0.0277,0.0235,0.00423
"AdThrive, LLC",0.0274,0.0274,0
"Avocet Systems Ltd.",0.0269,0.0269,0
"DoubleVerify",0.0268,0.0177,0.00906
"Demandbase, Inc.",0.0265,0.0252,0.00131
"Functional Software, Inc.",0.0265,0.00423,0.0223
"Platform161",0.0264,0.0257,0.000705
"Brandmetrics",0.0263,0.0243,0.00201
"Sportradar AG",0.0263,0.0261,0.000201
"Segment.io, Inc.",0.0258,0.0229,0.00292
"RevContent, LLC",0.0246,0.00493,0.0196
"PLAYGROUND XYZ",0.0245,0.0245,0
"Ströer Group",0.0241,0.0231,0.00101
"SAP SE",0.0237,0.021,0.00262
"OneSignal",0.0233,0.0231,0.000201
"Crimtan Holdings Ltd",0.0232,0.0231,0.000101
"CM Group",0.0232,0.0134,0.00977
"SSP Network Ltd",0.0227,0.0222,0.000503
"Attentive Mobile",0.0226,0.0218,0.000806
"Inmar, Inc.",0.0222,0.0216,0.000503
"Bounce Exchange",0.0221,0.0186,0.00342
"Admixer Technologies",0.0219,0.0215,0.000302
"Knorex Pte. Ltd.",0.0215,0.0212,0.000302
"Ad Lightning, Inc.",0.0214,0.0196,0.00181
"Admedo",0.0212,0.02,0.00121
"Impact",0.0211,0.0199,0.00121
"ShareThis, Inc",0.0207,0.0205,0.000201
"Appier",0.0202,0.0191,0.00111
"Klaviyo",0.0198,0.0182,0.00161
"Adkernel, LLC",0.0197,0.0195,0.000201
"BidTheatre AB",0.0193,0.0183,0.00101
"Semasio GmbH",0.0192,0.0188,0.000403
"IAB Europe",0.0192,0.0163,0.00292
"MediaWallah LLC",0.0192,0.0187,0.000503
"EQ Works",0.0191,0.019,0.000101
"Ividence",0.019,0,0.019
"VRTCAL Markets, Inc.",0.0188,0.0188,0
"Datonics LLC",0.0186,0.0105,0.00816
"Prebid.org",0.0186,0.00665,0.012
"iSpot.tv",0.0184,0.018,0.000403
"Infolink Media LLC",0.0183,0.0161,0.00222
"Yandex LLC",0.0182,0.0165,0.00171
"4Cite Marketing",0.0177,0.00685,0.0109
"Tactics Network, LLC",0.0175,0.0174,0.000101
"Ensighten, Inc",0.0172,0.0141,0.00312
"Podsights",0.0171,0.0152,0.00191
"Captify Technologies Ltd.",0.0169,0.0158,0.00111
"Truffles FZCO",0.0167,0,0.0167
"KBM Group LLC",0.0162,0.00745,0.00876
"SpeedCurve Limited",0.0162,0.0117,0.00453
"Roq.ad",0.0161,0.0154,0.000705
"Engine USA LLC",0.016,0,0.016
"ALC",0.0159,0.0157,0.000201
"IPROM, d.o.o.",0.0157,0,0.0157
"OnAudience Ltd.",0.0154,0,0.0154
"HubSpot, Inc.",0.0154,0.0147,0.000705
"Piano Software",0.0152,0.0115,0.00373
"Retyp LLC",0.015,0.0143,0.000705
"accessiBe Inc.",0.015,0.0112,0.00383
"BlueConic, Inc.",0.0149,0.0149,0
"Lucid Holdings, LLC",0.0148,0.00282,0.012
"Siteimprove A/S",0.0147,0.0133,0.00141
"Datadog, Inc.",0.0145,0.00947,0.00503
"Medallia Inc.",0.0145,0.013,0.00151
"Bazaarvoice, Inc.",0.0144,0.0132,0.00121
"Cloudinary Ltd",0.0142,0.000403,0.0138
"Proclivity Media, Inc.",0.0141,0.013,0.00111
"Free Stream Media Corp",0.014,0.0135,0.000503
"TrustArc Inc.",0.0139,0.00926,0.00463
"Dailymotion SA",0.0139,0.000101,0.0138
"Cross Pixel Media, Inc.",0.0137,0.0136,0.000101
"Zendesk, Inc.",0.0137,0.0128,0.000906
"Publisher First, Inc. dba Freestar",0.0137,0.0131,0.000604
"Amplitude",0.0134,0.00644,0.00695
"Dstillery Inc.",0.0132,0.0131,0.000101
"PayPal, Inc.",0.0129,0.0105,0.00242
"Ezoic Inc.",0.0128,0.00997,0.00282
"Quantum Metric Inc.",0.0128,0.0121,0.000705
"Vimeo, LLC",0.0126,0.0104,0.00222
"NinthDecimal, Inc",0.0125,0.012,0.000503
"Affectv",0.0123,0.0119,0.000403
"TVSquared",0.0123,0.0115,0.000806
"ContentSquare",0.0123,0.0115,0.000806
"Connatix",0.0122,0.00896,0.00322
"Shopify Inc.",0.0122,0.00896,0.00322
"Perfect Market, Inc.",0.0122,0.0112,0.00101
"Brightcove, Inc.",0.012,0.00806,0.00393
"Digioh, LLC",0.0118,0.0106,0.00121
"Wingify",0.0118,0.00987,0.00191
"Sourcepoint Technologies Inc",0.0118,0.011,0.000806
"Reset Digital LLC",0.0117,0.0115,0.000201
"Congoo, LLC",0.0117,0.000201,0.0115
"It Concepts",0.0116,0,0.0116
"Consumable, Inc.",0.0116,0.0112,0.000403
"WarnerMedia, LLC",0.0115,0.0103,0.00121
"CDNWIDGET.COM",0.0115,0.0113,0.000201
"Claritas LLC",0.0113,0.0113,0
"Stripe, Inc",0.0112,0.011,0.000201
"AddToAny",0.0112,0.00926,0.00191
"Contentful GmbH",0.0111,0,0.0111
"Branch Metrics, Inc.",0.0111,0.0107,0.000403
"BunnyCDN",0.0109,0.00272,0.00816
"Resonate Networks",0.0109,0.0104,0.000503
"U.S. General Services Administration",0.0107,0,0.0107
"Monotype Imaging Inc.",0.0105,0.00977,0.000705
"Zebrafish Labs",0.0104,0.000302,0.0101
"Virtual Minds AG",0.0103,0.00997,0.000302
"Rakuten, Inc.",0.0102,0.00967,0.000503
"Intuit Inc.",0.00997,0.00363,0.00634
"Duration Media LLC",0.00997,0.00816,0.00181
"DTS Technology",0.00987,0.00987,0
"FullStory",0.00977,0.00886,0.000906
"Storygize",0.00967,0.00896,0.000705
"Pushly",0.00967,0.00785,0.00181
"wisecode s.r.l.",0.00947,0.00655,0.00292
"trueAnthem Corp",0.00947,0.00544,0.00403
"Rich Audience Technologies",0.00936,0.00745,0.00191
"Mobiquity Inc.",0.00936,0.00926,0.000101
"ANIVIEW LTD",0.00886,0.00614,0.00272
"Listrak",0.00876,0.00856,0.000201
"PerimeterX, Inc.",0.00876,0.00272,0.00604
"International Business Machines Corporation",0.00876,0.00604,0.00272
"Mouseflow",0.00866,0.00785,0.000806
"Dynamic Web Source, Inc.",0.00866,0.00483,0.00383
"LivePerson, Inc",0.00856,0.00826,0.000302
"Pingdom AB",0.00856,0.00695,0.00161
"Monetate, Inc.",0.00846,0.00725,0.00121
"Movable Ink",0.00836,0.00765,0.000705
"AudioEye, Inc.",0.00836,0.00795,0.000403
"MGID Inc",0.00826,0.00826,0
"Braze, Inc.",0.00816,0.00564,0.00252
"Yotpo Ltd",0.00816,0.00795,0.000201
"Trackonomics Ltd.",0.00816,0.00634,0.00181
"Soluciones Corporativas IP, SL",0.00816,0.00151,0.00665
"DataDome",0.00816,0.00564,0.00252
"Yottaa Inc",0.00816,0.00735,0.000806
"JuicyAds",0.00806,0.00745,0.000604
"ipify.org",0.00806,0.000101,0.00795
"Mather Economics",0.00795,0.00745,0.000503
"Apple Inc.",0.00785,0.00554,0.00232
"SundaySky Ltd.",0.00775,0.00745,0.000302
"Dotmetrics",0.00765,0.00755,0.000101
"Trustpilot A/S",0.00765,0.00453,0.00312
"Osano, Inc.",0.00765,0.00745,0.000201
"N.Rich Technologies",0.00765,0.00765,0
"OpenWeb Technologies Ltd.",0.00755,0.00181,0.00574
"ActiveCampaign, Inc.",0.00735,0.00665,0.000705
"Spot.IM",0.00735,0.00655,0.000806
"Cybot ApS",0.00735,0.00634,0.00101
"MindGeek",0.00725,0.00644,0.000806
"Quora",0.00725,0.00211,0.00514
"ForeSee Results, Inc.",0.00715,0.00614,0.00101
"Awin AG",0.00715,0.00604,0.00111
"JustPremium",0.00705,0.00695,0.000101
"Kenshoo TLD",0.00705,0.000604,0.00644
"AudienceProject",0.00695,0.000302,0.00665
"Chaturbate, LLC",0.00695,0.00695,0
"21 Productions",0.00685,0.00675,0.000101
"Traffic Stars",0.00685,0.00634,0.000503
"A.Mob SAS",0.00685,0.00373,0.00312
"Bugsnag Inc.",0.00675,0,0.00675
"Equifax Inc.",0.00675,0.00111,0.00564
"McCann Disciplines Ltd.",0.00675,0.00675,0
"TAPTAP DIGITAL, S.L.",0.00675,0.00675,0
"WordPress Foundation",0.00675,0,0.00675
"Bloomreach, Inc.",0.00665,0.00614,0.000503
"Adscore Technologies DMCC",0.00655,0.00634,0.000201
"Audiencerate Ltd",0.00655,0.00644,0.000101
"Online Media Solutions Ltd. dba Brightcom",0.00634,0.00141,0.00493
"Retargetly LLC",0.00624,0.00614,0.000101
"RELX Group",0.00624,0.00413,0.00211
"Mountain Digital, Inc.",0.00614,0.00614,0
"Heap",0.00614,0.00534,0.000806
"Nextdoor, Inc.",0.00604,0.00554,0.000503
"OOO ECO PC - Complex Solutions",0.00584,0,0.00584
"MediaLab.Ai",0.00584,0.000101,0.00574
"Crownpeak Technology",0.00574,0.00363,0.00211
"Mapbox Inc.",0.00574,0.000906,0.00483
"Mixpanel, Inc.",0.00554,0.00463,0.000906
"Adtelligent Inc.",0.00544,0.00332,0.00211
"Intimate Merger, Inc.",0.00544,0.000806,0.00463
"AdStanding",0.00534,0.00534,0
"GeistM",0.00524,0,0.00524
"Polar",0.00524,0.00111,0.00413
"Sojern, Inc.",0.00524,0.00514,0.000101
"AppsFlyer",0.00524,0.00312,0.00211
"LiveChat Inc",0.00514,0.00503,0.000101
"StatCounter",0.00514,0.00514,0
"Affirm Holdings, Inc.",0.00514,0.00503,0.000101
"Invoca",0.00514,0.00453,0.000604
"ClickCertain",0.00503,0.00493,0.000101
"ClarityAd",0.00503,0,0.00503
"Zeotap GmbH",0.00503,0.00413,0.000906
"CivicScience, Inc",0.00503,0.000403,0.00463
"The Washington Post",0.00503,0.00232,0.00272
"Forter Inc.",0.00493,0.00483,0.000101
"Dynatrace LLC",0.00483,0.00403,0.000806
"Momentive Inc.",0.00483,0.00332,0.00151
"Hybrid Adtech, Inc.",0.00483,0.00483,0
"Treasure Data, Inc",0.00473,0.00453,0.000201
"Riskified Ltd.",0.00473,0.00433,0.000403
"Sift Science, Inc.",0.00463,0.00423,0.000403
"Data Plus Math",0.00463,0.00433,0.000302
"The Hoefler Type Foundry, Inc",0.00463,0,0.00463
"Cisco Systems, Inc.",0.00463,0.00443,0.000201
"Steel House, Inc",0.00463,0.00282,0.00181
"Digital Millennium Copyright Act Services Ltd.",0.00453,0,0.00453
"Roxr Software Ltd",0.00453,0.00363,0.000906
"SpringServe, LLC",0.00453,0.00272,0.00181
"RTK.IO, Inc",0.00453,0,0.00453
"DynAdmic",0.00443,0.00423,0.000201
"VideoByte, Inc.",0.00443,0.00403,0.000403
"BrightEdge Technologies Inc.",0.00443,0.00363,0.000806
"Hexagon Data, S.A.P.I. de C.V.",0.00433,0,0.00433
"BlogHer, Inc.",0.00433,0.00363,0.000705
"Discord, Inc.",0.00433,0.00433,0
"Decibel Insight Ltd",0.00433,0.00433,0
"TransUnion LLC",0.00433,0.00373,0.000604
"Partnerize",0.00433,0.00403,0.000302
"whos.amung.us Inc",0.00423,0.00101,0.00322
"Cint AB",0.00423,0.00423,0
"Kibo Software, Inc.",0.00423,0.00232,0.00191
"Bluecore Inc.",0.00423,0.00272,0.00151
"mParticle, Inc",0.00423,0.00322,0.00101
"Lucky Orange LLC",0.00423,0.00141,0.00282
"CatchPoint Systems Inc",0.00423,0.00252,0.00171
"Add Shoppers",0.00413,0.00373,0.000403
"Saambaa LLC",0.00413,0.00413,0
"Queryly LLC",0.00413,0,0.00413
"BestReviews Inc.",0.00413,0.00413,0
"Next Millennium Media, Inc.",0.00403,0.00282,0.00121
"Extole",0.00403,0.00322,0.000806
"Sumo Group",0.00403,0.00383,0.000201
"Vidazoo Ltd",0.00403,0.00342,0.000604
"Catamorphic Co.",0.00403,0,0.00403
"Blue Triangle Technologies",0.00403,0.00322,0.000806
"Klarna Bank AB",0.00403,0.00302,0.00101
"Dynamic Yield",0.00403,0.00393,0.000101
"ConnectAd",0.00393,0.00282,0.00111
"Gigya Inc",0.00393,0.00332,0.000604
"Signifyd Inc.",0.00383,0.00292,0.000906
"REALESTATE.COM.AU PTY LIMITED",0.00383,0.00312,0.000705
"Bigcommerce Pty Ltd",0.00383,0.00342,0.000403
"Five Media Marketing Limited",0.00383,0.00232,0.00151
"Acceptable Ads Exchange",0.00373,0.00242,0.00131
"Keywee",0.00373,0.00352,0.000201
"Purch Group, Inc.",0.00373,0.00373,0
"ucfunnel Co., Ltd.",0.00363,0.00352,0.000101
"SIDEARM Sports",0.00363,0.00302,0.000604
"Symplify Technologies AB",0.00363,0,0.00363
"Narrativ Company, Inc.",0.00363,0.00312,0.000503
"engageBDR",0.00363,0,0.00363
"Smart RTB",0.00363,0.00282,0.000806
"Entravision Communications Corporation",0.00352,0.00352,0
"proinity GmbH",0.00352,0.00161,0.00191
"CHEQ AI Technologies Ltd.",0.00352,0.00322,0.000302
"PriceSpider (NeuIntel, LLC)",0.00352,0.00181,0.00171
"Admeta AB",0.00342,0.00342,0
"Narrative I/O, Inc.",0.00342,0.00332,0.000101
"Perfect Sense Operations",0.00342,0.00332,0.000101
"Swiftype, Inc.",0.00342,0.00131,0.00211
"Snapsort Inc.",0.00342,0.00342,0
"Future Plc",0.00342,0.00342,0
"Vdopia Inc.",0.00332,0,0.00332
"Voltn LLC",0.00332,0.00322,0.000101
"Assertive Yield B.V.",0.00332,0.00302,0.000302
"Urban Airship, Inc.",0.00332,0.00292,0.000403
"Rockerbox, Inc.",0.00332,0.00322,0.000101
"PathDefender",0.00332,0.00232,0.00101
"Pixlee TurnTo, Inc.",0.00332,0.00262,0.000705
"Browser Update",0.00322,0.00302,0.000201
"SmarterHQ",0.00322,0,0.00322
"ClickTale Ltd",0.00322,0.00312,0.000101
"Algolia Inc",0.00322,0,0.00322
"iPerceptions Inc.",0.00312,0.00312,0
"Council of Better Business Bureaus",0.00312,0.000101,0.00302
"USI Technologies, Inc.",0.00312,0.00272,0.000403
"Bliss Point Media",0.00312,0.00302,0.000101
"Coveo Solutions Inc.",0.00312,0.00242,0.000705
"Marketing Science Consulting Group, Inc.",0.00312,0.00111,0.00201
"Marfeel Solutions, S.L.",0.00302,0.00282,0.000201
"Drift.com, Inc.",0.00302,0.00292,0.000101
"AB Tasty",0.00302,0.00272,0.000302
"Intergi Entertainment",0.00302,0.00292,0.000101
"Venatus Media Limited",0.00302,0.00302,0
"MaxMind Inc.",0.00302,0.000906,0.00211
"GitHub, Inc.",0.00302,0.00111,0.00191
"Teroa S.A.",0.00292,0,0.00292
"Evolution Technologies INC.",0.00292,0.00282,0.000101
"Viafoura Inc.",0.00292,0.00242,0.000503
"Imperva Inc.",0.00292,0.00272,0.000201
"DigiCert, Inc.",0.00292,0.00232,0.000604
"Rackspace US, Inc.",0.00282,0.000503,0.00232
"Pubstack",0.00282,0.00262,0.000201
"Sharpspring Inc",0.00282,0.00181,0.00101
"Granicus, LLC",0.00282,0.00222,0.000604
"Pushnami, LLC",0.00282,0.00272,0.000101
"Unbounce",0.00282,0.00272,0.000101
"Innovid Media",0.00272,0.00151,0.00121
"GetWebCraft Limited",0.00272,0.00151,0.00121
"LockerDome, LLC",0.00272,0.00252,0.000201
"Lytics",0.00272,0.00242,0.000302
"Didomi",0.00272,0.00232,0.000403
"Zoom Information, Inc.",0.00272,0.00262,0.000101
"MyFonts Inc.",0.00262,0.00262,0
"Near Pte. Ltd.",0.00262,0.00121,0.00141
"Ogury Limited",0.00262,0.00222,0.000403
"Insticator",0.00262,0.000403,0.00222
"Eris Networks SAS",0.00262,0,0.00262
"Minute Spoteam Ltd.",0.00262,0.00232,0.000302
"Fifty Technology Limited",0.00252,0.00232,0.000201
"webclicks24.com",0.00252,0.00161,0.000906
"6 Sense Insights Inc.",0.00252,0.00242,0.000101
"Intercom",0.00252,0.00232,0.000201
"Wistia",0.00252,0.00222,0.000302
"Proper Media",0.00252,0.00252,0
"Gannett Co., Inc.",0.00252,0.000906,0.00161
"Vox Media, Inc.",0.00252,0.00101,0.00151
"Reflected Networks, LLC",0.00252,0.00111,0.00141
"Quality Unit LLC",0.00252,0.00211,0.000403
"Benjamin Cahen",0.00252,0.00161,0.000906
"PR Newswire Association LLC",0.00252,0.00232,0.000201
"SEEDTAG ADVERTISING S.L.",0.00242,0.00211,0.000302
"CacheNetworks, LLC",0.00242,0.00201,0.000403
"ConvertKit LLC",0.00242,0.00242,0
"Klevu Oy",0.00242,0.00211,0.000302
"Black Crow AI, Inc",0.00242,0,0.00242
"DOCLER IP S.A R.L.",0.00242,0.00201,0.000403
"DigitalPoint",0.00242,0.00201,0.000403
"PowerReviews, Inc.",0.00232,0.00121,0.00111
"CallRail, Inc.",0.00232,0.00151,0.000806
"Adpone, S.L.",0.00232,0.000403,0.00191
"Survicate Sp. z o.o.",0.00232,0.00191,0.000403
"The Ozone Project",0.00232,0.00201,0.000302
"Jivox Corp",0.00232,0.00222,0.000101
"Clickadu s.r.o.",0.00222,0.00222,0
"BongaCams",0.00222,0.00141,0.000806
"Traffic Roots",0.00222,0,0.00222
"Sirdata SAS",0.00211,0.00111,0.00101
"Weborama",0.00211,0.00201,0.000101
"Underdog Media LLC",0.00211,0.00201,0.000101
"AdButler",0.00211,0.000906,0.00121
"NitroPack Ltd.",0.00211,0.000403,0.00171
"Tappcelator Media S.L.",0.00211,0.00211,0
"Choozle, Inc.",0.00211,0.00211,0
"Qualaroo",0.00201,0.00141,0.000604
"Shareaholic Inc",0.00201,0.00191,0.000101
"District M Inc.",0.00201,0.000503,0.00151
"Blis Global Ltd",0.00201,0.00191,0.000101
"PAGELY, INC",0.00201,0.00141,0.000604
"fluct,Inc.",0.00201,0.00201,0
"DataCamp Limited",0.00201,0.000201,0.00181
"SheknowsLLC",0.00201,0,0.00201
"gskinner",0.00201,0.00151,0.000503
"IgnitionOne, LLC",0.00201,0.00121,0.000806
"Radware Ltd.",0.00201,0.000705,0.00131
"EMX Digital, LLC",0.00201,0.000503,0.00151
"ICF Technology, Inc",0.00201,0.00141,0.000604
"Phoenix Marketing International",0.00201,0.00201,0
"Auth0, Inc.",0.00201,0.00141,0.000604
"Nexstar Media Group",0.00191,0.00181,0.000101
"Rollbar, Inc.",0.00191,0.00171,0.000201
"Synapse Group, Inc.",0.00191,0.00151,0.000403
"Celtra Inc.",0.00191,0.00141,0.000503
"Research Now Limited",0.00191,0,0.00191
"Clicksco FZ",0.00191,0.00111,0.000806
"raw engineering inc",0.00191,0,0.00191
"MailerLite, Inc.",0.00181,0.00131,0.000503
"IO Technologies Inc.",0.00181,0.00151,0.000302
"iubenda s.r.l.",0.00181,0.00131,0.000503
"Wikimedia Foundation, Inc.",0.00181,0.000201,0.00161
"Instana, Inc.",0.00181,0.00141,0.000403
"BuySellAds",0.00181,0.00161,0.000201
"MedTargetSystem",0.00181,0.00181,0
"thePlatform for Media",0.00181,0.000201,0.00161
"CrowdRiff Inc.",0.00181,0.00181,0
"ChannelAdvisor Corporation",0.00181,0.00181,0
"Tremor Video DSP",0.00171,0.00171,0
"Shogun Labs, Inc.",0.00171,0.00171,0
"Plausible Analytics",0.00171,0.000906,0.000806
"POWR Inc.",0.00171,0.00171,0
"Intuition Machines, Inc.",0.00171,0.00111,0.000604
"MicroAd, Inc.",0.00171,0.00171,0
"Selligent",0.00171,0.000806,0.000906
"GG Software LLC",0.00171,0.00171,0
"Tagular Analytics, LLC",0.00171,0.00121,0.000503
"Clinch Labs ltd",0.00171,0.00171,0
"Pelmorex Media Inc.",0.00171,0,0.00171
"Okta, Inc.",0.00171,0.00161,0.000101
"The Associated Press",0.00171,0.00161,0.000101
"NKL s.r.o.",0.00161,0.000906,0.000705
"LEADPLACE",0.00161,0,0.00161
"buySAFE Inc",0.00161,0.00111,0.000503
"Yahoo Japan Corporation",0.00161,0.00121,0.000403
"DigitalOcean, LLC",0.00161,0.000302,0.00131
"Leaf Group LTD",0.00161,0.000101,0.00151
"AppendAd LTD",0.00161,0.00161,0
"Internet Brands Inc",0.00161,0.00121,0.000403
"Monsido Inc.",0.00161,0.00141,0.000201
"Ziff Davis LLC",0.00161,0.00111,0.000503
"MarketCast LLC",0.00161,0,0.00161
"Ravi Trivedi",0.00161,0.00131,0.000302
"Clicktripz",0.00161,0.00151,0.000101
"Webflow, Inc.",0.00161,0.00111,0.000503
"CenturyLink, Inc.",0.00161,0,0.00161
"Global Marketing Strategies",0.00161,0.000705,0.000906
"EPiServer AB",0.00161,0.00111,0.000503
"WGCZ a.s.",0.00151,0,0.00151
"Publir",0.00151,0.00121,0.000302
"Convert Insights Inc",0.00151,0.00111,0.000403
"Stamped TECHNOLOGIES PTE. LTD.",0.00151,0.00101,0.000503
"Constant Contact, Inc",0.00151,0.00141,0.000101
"Logos Research Systems, Inc.",0.00151,0.00141,0.000101
"Prismic.io Inc.",0.00151,0.000201,0.00131
"SSL Corporation",0.00151,0.000101,0.00141
"APIHub, Inc.",0.00151,0,0.00151
"MySpace LLC",0.00151,0.000906,0.000604
"Glance Networks Inc",0.00151,0.00131,0.000201
"WPEngine, Inc.",0.00151,0.000201,0.00131
"Glassbox Ltd.",0.00151,0.00121,0.000302
"Inspectlet",0.00151,0.00131,0.000201
"Flipp Corp.",0.00151,0.00141,0.000101
"Kantar Operations",0.00151,0.00151,0
"Voicefive, Inc",0.00151,0.000604,0.000906
"Arrivalist Co",0.00151,0.00151,0
"FreakOut Holdings, inc.",0.00141,0.00141,0
"Monumetric (The Blogger Network, LLC)",0.00141,0.00131,0.000101
"Bertelsmann Stifung",0.00141,0,0.00141
"CleverDATA LLC",0.00141,0,0.00141
"Rumble Inc.",0.00141,0.00111,0.000302
"eSell Solutions Ltd. DBA MonetizeMore",0.00141,0.00121,0.000201
"Pro Sportority (Israel) Ltd",0.00141,0.000705,0.000705
"Ada Support Inc.",0.00141,0.00141,0
"Navegg S.A.",0.00141,0.000101,0.00131
"Verizon",0.00141,0.000503,0.000906
"Airbrake Technologies",0.00141,0,0.00141
"Avenue 81, Inc.",0.00141,0.000604,0.000806
"Unbxd Software Private Limited",0.00141,0.000101,0.00131
"RawGit",0.00131,0.000302,0.00101
"Survata, Inc.",0.00131,0.00131,0
"SixMix LLC",0.00131,0.000906,0.000403
"SoundCloud Global Limited & Co. KG",0.00131,0.000302,0.00101
"Agilone Inc.",0.00131,0.00111,0.000201
"LogMeIn, Inc.",0.00131,0.00131,0
"Pendo.io, Inc.",0.00131,0.00111,0.000201
"Titan Gate AD",0.00131,0,0.00131
"Refersion, Inc.",0.00131,0.00111,0.000201
"Markit Group Limited",0.00131,0.00131,0
"TouchCommerce, Inc",0.00131,0.00121,0.000101
"Sargents, Inc.",0.00131,0.00131,0
"User Zoom, Inc.",0.00131,0.000906,0.000403
"Split Software, Inc.",0.00131,0.000101,0.00121
"Granify Inc.",0.00121,0.00111,0.000101
"Mux, Inc.",0.00121,0.000302,0.000906
"The Moneytizer",0.00121,0.00101,0.000201
"ADLEAD",0.00121,0,0.00121
"6Sense Insights, Inc.",0.00121,0,0.00121
"ZOHO Corporation",0.00121,0.000906,0.000302
"Zaius, Inc.",0.00121,0,0.00121
"Adara Inc.",0.00121,0.00101,0.000201
"AWEBER SYSTEMS, INC.",0.00121,0.000705,0.000503
"SaaS.group LLC",0.00121,0.000906,0.000302
"Wiland, Inc.",0.00121,0.00101,0.000201
"Hola Networks Ltd.",0.00121,0.00111,0.000101
"SmugMug, Inc.",0.00121,0.000503,0.000705
"Kustomer, Inc.",0.00121,0.00111,0.000101
"Transcend, Inc.",0.00121,0.00101,0.000201
"Sagan Systems, Inc.",0.00121,0.00111,0.000101
"Max Lynch",0.00111,0,0.00111
"Human Security, Inc.",0.00111,0.000403,0.000705
"Omeda Communications",0.00111,0.00111,0
"GoDaddy Inc.",0.00111,0.000705,0.000403
"AnyClip Ltd.",0.00111,0.000906,0.000201
"Lithium Technologies",0.00111,0.000302,0.000806
"Highsoft AS",0.00111,0.000806,0.000302
"APAC Digital Exchange",0.00111,0.00111,0
"TripAdvisor LLC",0.00111,0.000806,0.000302
"Pusher Ltd",0.00111,0.000101,0.00101
"Limelight Networks, Inc.",0.00111,0.000201,0.000906
"AVPlayer",0.00111,0.00111,0
"TowerData, Inc.",0.00111,0.00101,0.000101
"Shareasale.com",0.00111,0.000403,0.000705
"Adzerk",0.00111,0.00101,0.000101
"The Globe and Mail Inc.",0.00111,0.00101,0.000101
"Authorize.Net",0.00111,0.00111,0
"Quality Nonsense Ltd",0.00111,0,0.00111
"Alliance for Audited Media",0.00111,0.000604,0.000503
"Reflektion",0.00111,0.000403,0.000705
"FastG8",0.00111,0.00111,0
"Mixpo Inc.",0.00111,0.00111,0
"Iris.TV, Inc.",0.00101,0,0.00101
"Kaltura Inc",0.00101,0.000806,0.000201
"AdTarget Medya A.Ş.",0.00101,0.000806,0.000201
"Olark",0.00101,0.00101,0
"Help Scout Inc.",0.00101,0.00101,0
"Paramount Global",0.00101,0.000806,0.000201
"Health On the Net Foundation",0.00101,0,0.00101
"Betgenius Limited",0.00101,0.00101,0
"Consult IT Nordic AB",0.00101,0.000906,0.000101
"Embed.ly Inc",0.00101,0.000201,0.000806
"smartclip Europe GmbH",0.00101,0.00101,0
"eGain Corporation",0.00101,0.00101,0
"RUN",0.00101,0,0.00101
"BritePool",0.00101,0,0.00101
"Widen",0.00101,0,0.00101
"IDB, LLC",0.00101,0,0.00101
"Platform Inc.",0.00101,0,0.00101
"National Public Radio, Inc.",0.00101,0.000302,0.000705
"Gray Television",0.00101,0,0.00101
"Cheetah Digital Inc",0.00101,0.00101,0
"Yieldify",0.00101,0.000806,0.000201
"Motionpoint Corporation",0.00101,0.000101,0.000906
"Nosto Solutions Ltd",0.000906,0.000705,0.000201
"Solvvy",0.000906,0.000906,0
"VK Company Ltd.",0.000906,0.000302,0.000604
"Citrix Systems Inc",0.000906,0.000705,0.000201
"Sabin, Bermant & Gould LLP",0.000906,0.000604,0.000302
"GEORIOT",0.000906,0,0.000906
"Act-On Software, Inc.",0.000906,0.000906,0
"Connexity, Inc.",0.000906,0.000806,0.000101
"Sanity",0.000906,0,0.000906
"eBay, Inc.",0.000906,0.000906,0
"News Limited",0.000906,0.000906,0
"Peaberry Software Inc.",0.000906,0.000806,0.000101
"NSONE Inc",0.000906,0.000604,0.000302
"Baidu, Inc.",0.000906,0.000906,0
"spoteam.com",0.000906,0.000806,0.000101
"Judge.me Ltd",0.000906,0.000503,0.000403
"Dun & Bradstreet, Inc.",0.000906,0.000806,0.000101
"Mindscape Limited",0.000906,0.000906,0
"Piwik PRO Sp. z o.o.",0.000906,0.000806,0.000101
"4INFO, Inc.",0.000906,0.000906,0
"Adnami ApS",0.000906,0.000604,0.000302
"Baron Services, Inc.",0.000906,0.000806,0.000101
"Michael Browitt",0.000906,0.000705,0.000201
"iGlobal Stores",0.000906,0.000604,0.000302
"sourcedefense",0.000906,0.000906,0
"Zmags Corp.",0.000906,0.000705,0.000201
"Weigel Broadcasting Co",0.000906,0.000906,0
"AdPlugg",0.000806,0,0.000806
"WizRocket Inc.",0.000806,0,0.000806
"Spotify AB",0.000806,0.000806,0
"Broadcom Inc.",0.000806,0.000806,0
"XXXLutz KG",0.000806,0,0.000806
"WebShop Marketing Kft.",0.000806,0.000806,0
"SalesLoft",0.000806,0.000806,0
"Easy Click Worldwide Network Technology Co., Ltd.",0.000806,0.000806,0
"Vanilla Forums",0.000806,0,0.000806
"F5 Networks Inc",0.000806,0.000403,0.000403
"The Bishop Way, Inc.",0.000806,0.000705,0.000101
"Online Technology and Media",0.000806,0.000101,0.000705
"GetIntent",0.000806,0.000806,0
"Environmental Systems Research Institute, Inc.",0.000806,0.000302,0.000503
"Dianomi Ltd",0.000806,0.000302,0.000503
"Vladimir Fedotov",0.000806,0.000806,0
"Renegade Internet, Inc.",0.000806,0.000705,0.000101
"Acquia, Inc",0.000806,0.000705,0.000101
"ScientiaMobile, Inc.",0.000806,0,0.000806
"Kochava",0.000806,0.000705,0.000101
"Traverse Data, Inc.",0.000806,0.000403,0.000403
"InMoment, Inc.",0.000806,0.000604,0.000201
"QuBit Digital Ltd",0.000806,0.000302,0.000503
"Hawk Search Inc.",0.000806,0.000503,0.000302
"Memorandum Inc",0.000806,0.000403,0.000403
"Borderfree Inc.",0.000806,0.000806,0
"ecpm",0.000806,0.000806,0
"Salem Media Group, Inc.",0.000806,0.000705,0.000101
"Hearst Communications",0.000806,0.000302,0.000503
"RealVu Inc",0.000806,0.000101,0.000705
"Nextopia Software Corporation",0.000806,0.000604,0.000201
"CyberAgent, Inc.",0.000705,0.000705,0
"Shashank Kumar",0.000705,0.000705,0
"Timzon, LLC",0.000705,0,0.000705
"Digital Advertising Consortium Inc.",0.000705,0.000302,0.000403
"Rebel Idealist",0.000705,0.000201,0.000503
"GetResponse sp. z o.o.",0.000705,0.000604,0.000101
"RevJet",0.000705,0.000705,0
"Arkose Labs, Inc.",0.000705,0.000503,0.000201
"Squarespace, Inc",0.000705,0.000604,0.000101
"Woopra, Inc.",0.000705,0.000604,0.000101
"Parrable, Inc.",0.000705,0.000705,0
"Aidata",0.000705,0.000705,0
"Lead Intelligence, Inc.",0.000705,0.000403,0.000302
"apilayer GmbH",0.000705,0,0.000705
"The Font Bureau, Inc.",0.000705,0,0.000705
"MoEngage, Inc.",0.000705,0.000604,0.000101
"Triton Digital, Inc.",0.000705,0.000705,0
"Comcast Corporation",0.000705,0.000403,0.000302
"CFI Group",0.000705,0.000705,0
"GrowSumo Inc.",0.000705,0.000101,0.000604
"OwnLocal.com",0.000705,0.000604,0.000101
"TOPlist s.r.o",0.000705,0,0.000705
"Swym Corporation",0.000705,0,0.000705
"JSC ADFACT",0.000705,0.000705,0
"National Oceanic and Atmospheric Administration NOAA",0.000705,0.000302,0.000403
"SolarWinds Worldwide, LLC",0.000705,0.000201,0.000503
"Rokt Entities",0.000705,0.000705,0
"7hops.com Inc.",0.000705,0.000403,0.000302
"Webklipper Technologies Pvt Ltd",0.000705,0.000604,0.000101
"AdSupply, Inc.",0.000705,0.000705,0
"Answers Corporation",0.000705,0.000101,0.000604
"Taplytics Inc.",0.000705,0.000604,0.000101
"Dheera Media",0.000705,0,0.000705
"RichRelevance",0.000705,0.000604,0.000101
"Graham Media Group",0.000705,0.000201,0.000503
"The E.W. Scripps Company",0.000705,0.000201,0.000503
"Atlassian Corporation plc",0.000604,0.000302,0.000302
"Vidyard",0.000604,0.000503,0.000101
"Pac-12 Networks",0.000604,0,0.000604
"Dealer Dot Com Inc",0.000604,0.000604,0
"Friendbuy",0.000604,0.000403,0.000201
"Jumpstart Automotive Media",0.000604,0.000403,0.000201
"UserVoice, Inc.",0.000604,0.000604,0
"Namogoo",0.000604,0.000201,0.000403
"Report-URI Ltd.",0.000604,0.000604,0
"Smile Inc.",0.000604,0.000604,0
"Bulbit Inc",0.000604,0.000503,0.000101
"FriendFinder Networks Inc.",0.000604,0.000302,0.000302
"Recurly, Inc.",0.000604,0.000403,0.000201
"Webscale Networks",0.000604,0.000403,0.000201
"REFLUENCE",0.000604,0,0.000604
"SendPulse Inc",0.000604,0.000302,0.000302
"Civic Computing Limited",0.000604,0.000403,0.000201
"So-net Media Networks Corporation.",0.000604,0.000604,0
"Foursquare Labs, Inc.",0.000604,0.000604,0
"Sitelock LLC",0.000604,0.000604,0
"Issuu ApS",0.000604,0.000101,0.000503
"AT Internet",0.000604,0.000403,0.000201
"ASAPP Inc",0.000604,0.000503,0.000101
"Fox Corporation",0.000604,0.000403,0.000201
"Iterable, Inc.",0.000604,0,0.000604
"LiveHelpNow, Inc",0.000604,0.000503,0.000101
"ResponsiveAds™ Inc.",0.000604,0.000604,0
"Crisp IM SARL",0.000604,0.000503,0.000101
"Moxie Software Inc.",0.000604,0.000604,0
"Curebit Inc",0.000604,0.000604,0
"Singular Labs, Inc.",0.000604,0.000604,0
"Mobius Solutions",0.000604,0.000604,0
"Uplift Canada Services ULC",0.000604,0.000604,0
"Smooch Technologies Inc.",0.000604,0.000201,0.000403
"LINE Corporation",0.000604,0.000604,0
"Prizgo",0.000604,0.000604,0
"Liberated Syndication",0.000604,0.000403,0.000201
"Buehner-Fry, Inc.",0.000604,0.000604,0
"Postcode Anywhere",0.000604,0,0.000604
"Simpleview LLC",0.000604,0,0.000604
"Exit Bee",0.000604,0.000604,0
"Seattle Technology",0.000604,0,0.000604
"Wishpond Technologies Ltd.",0.000503,0.000503,0
"Programmatic Mechanics",0.000503,0,0.000503
"Icons8 LLC",0.000503,0,0.000503
"Synchrony Financial",0.000503,0.000101,0.000403
"Typeform S.L.",0.000503,0.000201,0.000302
"The Walt Disney Company",0.000503,0.000101,0.000403
"Sublime Skinz Labs",0.000503,0.000503,0
"Extreme Reach, Inc.",0.000503,0.000302,0.000201
"Listhub",0.000503,0.000503,0
"Uploadcare, LLC",0.000503,0.000201,0.000302
"LinkConnector Corporation",0.000503,0.000503,0
"Yozo, Kaneko",0.000503,0.000503,0
"Trumba Corporation",0.000503,0.000503,0
"BuzzFeed, Inc.",0.000503,0.000302,0.000201
"InvestingChannel, Inc.",0.000503,0.000503,0
"Alibaba Group",0.000503,0.000201,0.000302
"LENDINGTREE, LLC",0.000503,0.000403,0.000101
"Yext, Inc.",0.000503,0.000503,0
"Times Internet Ltd",0.000503,0.000302,0.000201
"Sanvitos Consolidated Ltd",0.000503,0.000503,0
"GetYourGuide AG",0.000503,0.000503,0
"Flipboard, Inc.",0.000503,0.000101,0.000403
"Playbuzz LTD",0.000503,0.000201,0.000302
"Adventive, Inc.",0.000503,0.000503,0
"Marchex, Inc.",0.000503,0.000503,0
"TEGNA Inc.",0.000503,0,0.000503
"Boxever Limited",0.000503,0,0.000503
"Fjord Technologies",0.000503,0.000302,0.000201
"CARiD.com",0.000503,0,0.000503
"Move Inc.",0.000503,0.000101,0.000403
"Service Management Group",0.000503,0.000503,0
"CPX Interactive",0.000503,0,0.000503
"Trustwave Holdings, Inc.",0.000503,0,0.000503
"Arbitrage LLC",0.000503,0.000403,0.000101
"Kameleoon",0.000503,0.000302,0.000201
"Wuhan Jiyi Network Technology Co., Ltd.",0.000503,0.000503,0
"Avala Marketing Group",0.000503,0.000503,0
"Forensiq",0.000503,0.000302,0.000201
"Wix.com, Inc.",0.000503,0.000302,0.000201
"ImgBB",0.000403,0,0.000403
"One Media Ltd",0.000403,0.000403,0
"Perform Media Services Ltd",0.000403,0.000302,0.000101
"Giphy LLC",0.000403,0,0.000403
"EMATCH",0.000403,0,0.000403
"Zeit, Inc",0.000403,0.000302,0.000101
"Ko-Fi Labs Limited",0.000403,0,0.000403
"Ethnio",0.000403,0,0.000403
"Wootric",0.000403,0.000101,0.000302
"ROLEX SA",0.000403,0.000403,0
"Propeller Ads",0.000403,0.000403,0
"Lantirn Incorporated",0.000403,0.000403,0
"Creative Commons",0.000403,0,0.000403
"Open Text Corporation",0.000403,0.000302,0.000101
"AT&T Services, Inc.",0.000403,0.000403,0
"Wirewax LTD",0.000403,0,0.000403
"Geniee, inc.",0.000403,0.000403,0
"Infusion Software",0.000403,0.000403,0
"OpenStreetMap Foundation",0.000403,0,0.000403
"Associated Newspapers Limited",0.000403,0.000201,0.000201
"Conde Nast Publications Inc.",0.000403,0.000201,0.000201
"Datawrapper GmbH",0.000403,0.000101,0.000302
"DialogTech, Inc.",0.000403,0.000201,0.000201
"NicePeopleAtWork S.L.",0.000403,0.000101,0.000302
"Apester Ltd.",0.000403,0.000201,0.000201
"Newsmax Media, Inc.",0.000403,0.000302,0.000101
"YieldLift LLC",0.000403,0.000403,0
"Terminus",0.000403,0.000403,0
"First Derivatives plc.",0.000403,0.000201,0.000201
"BIGO TECHNOLOGY PTE. LTD.",0.000403,0,0.000403
"STATS LLC",0.000403,0,0.000403
"Vidora, Inc.",0.000403,0.000101,0.000302
"Liquid New Media Limited",0.000403,0.000101,0.000302
"Jeremy Bieger",0.000403,0.000403,0
"AdMedia",0.000403,0.000302,0.000101
"Dual Technologies Services",0.000403,0.000403,0
"Media Impact Group",0.000403,0,0.000403
"WebTrends Inc.",0.000403,0.000101,0.000302
"Proofpoint, Inc.",0.000403,0.000201,0.000201
"Matomo",0.000403,0.000403,0
"EyeView, Inc.",0.000403,0,0.000403
"Veer West LLC.",0.000403,0.000403,0
"inPowered",0.000403,0.000403,0
"MyFinance, Inc.",0.000403,0.000302,0.000101
"Blue Capital Markets Limited",0.000403,0.000201,0.000201
"News Corporation",0.000403,0.000101,0.000302
"NYP Holdings, Inc",0.000403,0.000101,0.000302
"Empire Media Group, LLC",0.000403,0,0.000403
"GOVX",0.000403,0.000403,0
"CoreMedia AG",0.000403,0.000403,0
"Bandfarm, Inc.",0.000403,0.000403,0
"EZ Publishing Inc.",0.000403,0.000403,0
"Linc Global, Inc",0.000403,0.000403,0
"RevLifter Limited",0.000403,0.000302,0.000101
"RAYCOM MEDIA",0.000403,0,0.000403
"Accuweather, Inc.",0.000403,0.000101,0.000302
"Comm100 Network Corporation",0.000403,0.000403,0
"InsurAds",0.000403,0.000302,0.000101
"Barracuda Networks Inc.",0.000403,0.000201,0.000201
"Tagboard",0.000403,0.000302,0.000101
"User1st",0.000403,0.000403,0
"ConfigCat Service and Development Limited Liability Company",0.000302,0,0.000302
"Wellfounded",0.000302,0,0.000302
"Telegram Messenger LLP",0.000302,0.000201,0.000101
"Infusion Extreme LLC",0.000302,0,0.000302
"Arizona Department of Administration",0.000302,0.000302,0
"Experian PLC",0.000302,0.000302,0
"Threadloom, Inc.",0.000302,0,0.000302
"ZFERRAL INC",0.000302,0.000201,0.000101
"LimeSpot",0.000302,0.000302,0
"Doofinder",0.000302,0.000302,0
"Starfield Technologies, LLC",0.000302,0.000302,0
"mads holmen",0.000302,0.000101,0.000201
"HulkApps Inc.",0.000302,0,0.000302
"bitmovin GmbH",0.000302,0.000101,0.000201
"BAMTECH, LLC",0.000302,0.000302,0
"SAS Institute Inc.",0.000302,0.000302,0
"Semcasting, Inc.",0.000302,0,0.000302
"Hypothes.is",0.000302,0.000302,0
"AirTight Design",0.000302,0,0.000302
"Fanhattan LLC",0.000302,0,0.000302
"Pickaxe LLC",0.000302,0.000201,0.000101
"Cuebiq Inc.",0.000302,0,0.000302
"Movio",0.000302,0,0.000302
"Webgains",0.000302,0.000302,0
"eHealthcare Solutions, LLC",0.000302,0.000201,0.000101
"W3C",0.000302,0.000302,0
"Vibrant Media Limited",0.000302,0.000101,0.000201
"Optimize LLC",0.000302,0.000302,0
"Pixalate, Inc.",0.000302,0.000302,0
"Healthline",0.000302,0.000302,0
"WebMD, LLC",0.000302,0.000201,0.000101
"Complex Media, Inc.",0.000302,0.000302,0
"Adjust GmbH",0.000302,0.000302,0
"Salem Communications Corporation",0.000302,0.000302,0
"Grand Slam Media Inc",0.000302,0,0.000302
"WebpageFX",0.000302,0.000302,0
"Tecnavia Press, Inc.",0.000302,0,0.000302
"Riot Games, Inc.",0.000302,0.000201,0.000101
"Freshworks Inc",0.000302,0,0.000302
"Where 2 Get It",0.000302,0.000201,0.000101
"Discovery Communications Europe Limited",0.000302,0.000302,0
"Searchanise",0.000302,0.000101,0.000201
"Ultimate Guitar USA LLC",0.000302,0,0.000302
"GuideStar USA, Inc.",0.000302,0.000302,0
"Call Tracking Metrics LLC",0.000302,0.000302,0
"Better Commerce Group",0.000302,0.000201,0.000101
"Bolt Financial, Inc.",0.000302,0.000201,0.000101
"Mobfox US LLC",0.000302,0.000302,0
"NUI Media",0.000302,0.000302,0
"James Robinson",0.000302,0,0.000302
"Sumo Logic Inc.",0.000302,0.000302,0
"Broadstreet Ads, Inc",0.000302,0.000201,0.000101
"Green Hills",0.000302,0.000302,0
"Tidio Poland Sp. z.o.o.",0.000302,0.000302,0
"TechTarget, Inc.",0.000302,0.000302,0
"zipMoney Payments Pty Ltd",0.000302,0.000101,0.000201
"Interdeal development Ltd",0.000302,0.000302,0
"Internap Corporation",0.000302,0,0.000302
"Affinity",0.000302,0.000101,0.000201
"OpenWeather Ltd",0.000302,0.000101,0.000201
"Gracenote",0.000302,0.000101,0.000201
"iAdvize",0.000302,0.000201,0.000101
"Thrive Commerce, LLC",0.000302,0.000302,0
"Walmart Inc.",0.000302,0.000201,0.000101
"Sandhills Publishing",0.000302,0,0.000302
"Supply Frame, Inc.",0.000302,0.000201,0.000101
"Sectigo Limited",0.000302,0,0.000302
"Shoprunner Inc",0.000302,0.000302,0
"Digital River, Inc.",0.000302,0.000201,0.000101
"popIn Inc.",0.000302,0.000302,0
"Contently, Inc.",0.000302,0.000302,0
"OneSoon Ltd",0.000302,0.000302,0
"NGP VAN, Inc.",0.000302,0.000302,0
"Outside Magazine",0.000302,0.000302,0
"Athlon Sports",0.000302,0.000302,0
"Karan Walia",0.000302,0.000201,0.000101
"HSN Interactive LLC",0.000302,0.000302,0
"DCN",0.000302,0,0.000302
"Dow Jones & Company, Inc.",0.000302,0.000101,0.000201
"Breinify Inc.",0.000302,0.000302,0
"ClearSale S.A.",0.000302,0.000302,0
"247 Customer Inc",0.000302,0.000302,0
"Cliplister GmbH",0.000302,0,0.000302
"Gardens Alive",0.000302,0,0.000302
"emfluence, llc",0.000302,0.000201,0.000101
"Vizury Interactive Solutions Pvt Ltd",0.000302,0.000302,0
"Expedia Group, Inc.",0.000302,0.000302,0
"Five9, Inc",0.000302,0.000201,0.000101
"Department of Homeland Security",0.000302,0.000302,0
"Aurea Software",0.000302,0.000101,0.000201
"iHM Identity, Inc.",0.000302,0.000302,0
"Telerik EAD",0.000302,0.000302,0
"Centers for Disease Control and Prevention",0.000302,0.000201,0.000101
"Digital Throttle LLC",0.000302,0.000101,0.000201
"Scripps Networks LLC",0.000302,0.000201,0.000101
"Dropbox, Inc",0.000302,0.000101,0.000201
"LegitScript LLC",0.000302,0,0.000302
"Jake Brumby",0.000302,0.000101,0.000201
"IMEDIAPP SA",0.000302,0.000201,0.000101
"E-Diary Pty Ltd",0.000302,0.000302,0
"Twenty-First Century Fox, Inc.",0.000302,0,0.000302
"YOU TECHNOLOGY, LLC",0.000302,0,0.000302
"Ravana, LLC",0.000302,0,0.000302
"Digital Trends",0.000302,0.000101,0.000201
"QuoteLab, LLC",0.000302,0.000101,0.000201
"Splunk, Inc.",0.000302,0,0.000302
"Stackla",0.000302,0.000302,0
"Relay42 Technology B.V.",0.000302,0.000302,0
"PubNub",0.000302,0,0.000302
"Comodo CA Limited",0.000302,0,0.000302
"RealMatch Ltd",0.000302,0.000302,0
"ReachDynamics LLC",0.000302,0.000302,0
"LiquidHub Inc.",0.000201,0.000201,0
"ADSPEED.COM",0.000201,0.000201,0
"ITTECO",0.000201,0.000101,0.000101
"Five Q",0.000201,0.000201,0
"WalletConnect",0.000201,0,0.000201
"KP Marcom Inc",0.000201,0.000201,0
"Webfolio Management Inc",0.000201,0.000201,0
"AddSearch Oy",0.000201,0,0.000201
"Thunderhead.com Limited",0.000201,0.000101,0.000101
"Duck Duck Go, Inc.",0.000201,0,0.000201
"ImageKit Private Limited",0.000201,0,0.000201
"ZAM Network",0.000201,0.000201,0
"Ministry Centered Technologies, Inc.",0.000201,0,0.000201
"RawVoice",0.000201,0.000101,0.000101
"Sinclair Broadcast Group Inc",0.000201,0,0.000201
"WonderPush",0.000201,0.000101,0.000101
"TechIO Ltd",0.000201,0.000201,0
"Publishers Revenue Optimization Sp. z o.o.",0.000201,0.000201,0
"Wirtualna Polska",0.000201,0,0.000201
"Acxiom Corporation",0.000201,0,0.000201
"adMarketplace",0.000201,0,0.000201
"CodePen",0.000201,0.000201,0
"Fomo",0.000201,0.000201,0
"Printful Inc.",0.000201,0,0.000201
"Ninja Tools Inc.",0.000201,0.000201,0
"Hatena Co., Ltd.",0.000201,0,0.000201
"Paradox Interactive AB (publ)",0.000201,0,0.000201
"DevHD Inc.",0.000201,0,0.000201
"Roger Wilco LLC",0.000201,0.000201,0
"Helpshift, Inc.",0.000201,0.000201,0
"Yieldlove GmbH",0.000201,0.000201,0
"User Local,Inc.",0.000201,0.000201,0
"Pantheon Systems, Inc.",0.000201,0,0.000201
"TI Media",0.000201,0,0.000201
"TRADEMATIC",0.000201,0.000201,0
"Etsy, Inc.",0.000201,0,0.000201
"Vertoz Inc",0.000201,0.000201,0
"Vertigo Studio SRL",0.000201,0,0.000201
"Plaid Inc",0.000201,0.000201,0
"BROTHER INDUSTRIES, LTD.",0.000201,0.000201,0
"Cash Cow Marketing",0.000201,0.000201,0
"Shutterstock Inc.",0.000201,0,0.000201
"SmartNews, Inc.",0.000201,0.000201,0
"i-mobile co. LTD",0.000201,0.000201,0
"Skarpline",0.000201,0.000201,0
"Recruitics LLC",0.000201,0.000201,0
"Indeed, Inc.",0.000201,0.000101,0.000101
"TPMN co., ltd.",0.000201,0.000201,0
"Green Venture LLC",0.000201,0.000201,0
"DMM.com Co.,Ltd",0.000201,0.000201,0
"Omnisend, UAB",0.000201,0.000201,0
"Hexasoft Development Sdn. Bhd.",0.000201,0.000101,0.000101
"Morgan Stanley",0.000201,0.000201,0
"Petaxon Informática Ltda",0.000201,0,0.000201
"Charles Schwab & Co., Inc.",0.000201,0.000101,0.000101
"AYU Technology Solutions LLC",0.000201,0,0.000201
"LoginRadius, Inc.",0.000201,0,0.000201
"New Jersey State",0.000201,0,0.000201
"Paddle.com Market Ltd",0.000201,0.000201,0
"Crossref",0.000201,0,0.000201
"8x8, Inc.",0.000201,0.000201,0
"YOUR.ORG, INC.",0.000201,0,0.000201
"MainADV",0.000201,0,0.000201
"Instinctive",0.000201,0,0.000201
"IMPACT Software Company",0.000201,0.000201,0
"Instacart",0.000201,0.000101,0.000101
"Button, Inc.",0.000201,0,0.000201
"Canva Pty Ltd",0.000201,0.000101,0.000101
"Guitar Center, Inc.",0.000201,0,0.000201
"Advance Local Media, LLC",0.000201,0,0.000201
"Acast AB",0.000201,0.000101,0.000101
"AnyMind Group Inc.",0.000201,0.000201,0
"Cyberspace Communications Corp.",0.000201,0.000101,0.000101
"Emma Inc.",0.000201,0.000101,0.000101
"A Medium Corporation",0.000201,0.000101,0.000101
"Patreon, Inc.",0.000201,0.000201,0
"United Online Communications, Inc.",0.000201,0.000101,0.000101
"United Online, Inc.",0.000201,0.000101,0.000101
"Stata Laboratories, LLC",0.000201,0.000201,0
"StreamGuys, Inc.",0.000201,0.000201,0
"ONEALL SARL",0.000201,0.000201,0
"Higher Logic",0.000201,0.000201,0
"Formstack",0.000201,0.000201,0
"Nine Entertainment Co.",0.000201,0.000201,0
"Rovi Corporation",0.000201,0,0.000201
"Telmetrics Inc.",0.000201,0.000201,0
"GMO AD Marketing Inc.",0.000201,0.000201,0
"Klangoo Inc",0.000201,0.000201,0
"Aperia Solutions, Inc.",0.000201,0.000201,0
"Magnetic Media Online, Inc.",0.000201,0,0.000201
"Ovative Group",0.000201,0.000201,0
"Jetpack Digital, LLC",0.000201,0.000201,0
"Oktopost Technologies Ltd",0.000201,0.000201,0
"Alclear, LLC",0.000201,0.000201,0
"Ethyca Inc",0.000201,0.000101,0.000101
"DIYlaunch",0.000201,0.000201,0
"Headway App, Inc",0.000201,0.000201,0
"Vantiv, LLC",0.000201,0,0.000201
"TVPage, Inc.",0.000201,0.000201,0
"Ceros, Inc.",0.000201,0.000101,0.000101
"Compassion International",0.000201,0,0.000201
"Three Deep Marketing & Sales Solutions",0.000201,0.000201,0
"Barilliance Ltd",0.000201,0.000201,0
"United States Department of Labor",0.000201,0,0.000201
"consentmanager AB",0.000201,0.000201,0
"Webtrekk GmbH",0.000201,0.000201,0
"Soostone Inc",0.000201,0.000201,0
"CDNetworks Co., LTD.",0.000201,0,0.000201
"ECENTRIA IPH, LLC",0.000201,0.000101,0.000101
"Network Solutions LLC",0.000201,0,0.000201
"Space Pencil, Inc.",0.000201,0.000201,0
"TUDO GOSTOSO INTERNET LTDA",0.000201,0,0.000201
"Intermarkets, Inc.",0.000201,0.000201,0
"Administration for Children and Families",0.000201,0,0.000201
"Marketingg2, LLC",0.000201,0,0.000201
"Cartful Solutions LLC",0.000201,0.000201,0
"Postcode Anywhere (Europe) Ltd",0.000201,0.000101,0.000101
"DemandJump LLC",0.000201,0.000201,0
"Flowplayer AB",0.000201,0.000101,0.000101
"Cox Enterprises, Inc.",0.000201,0.000101,0.000101
"Defense Media Activity",0.000201,0,0.000201
"Century Fuxuan Software & Technology Development (Beijing) Co. L",0.000201,0.000101,0.000101
"NHN Entertainment co.,ltd",0.000201,0.000101,0.000101
"GoInterpay",0.000201,0,0.000201
"Volusion, Inc.",0.000201,0.000101,0.000101
"Twilio, Inc.",0.000201,0.000201,0
"Secure Live Media, LLC",0.000201,0.000101,0.000101
"JustAnswer LLC",0.000201,0.000201,0
"THRON SPA",0.000201,0.000101,0.000101
"Societe des Produits Nestle S.A.",0.000201,0,0.000201
"Datawrkz Pte Ltd",0.000201,0.000201,0
"Findify AB",0.000201,0.000201,0
"Upland Software Inc.",0.000201,0.000101,0.000101
"CDK Global, LLC.",0.000201,0.000201,0
"McAfee LLC",0.000201,0,0.000201
"Contact At Once!",0.000201,0.000101,0.000101
"Bread",0.000201,0.000201,0
"TGC, LLC",0.000201,0,0.000201
"Crown Media Holdings",0.000201,0.000201,0
"Snowplow Analytics Limited",0.000201,0,0.000201
"Delivra",0.000201,0.000201,0
"Hotels.com",0.000201,0.000201,0
"Dealertrack, Inc",0.000201,0.000201,0
"Insidesales.com",0.000201,0,0.000201
"SLI Systems, Inc",0.000201,0.000101,0.000101
"C3 Metrics, Inc.",0.000201,0.000201,0
"Coherent Path, Inc.",0.000201,0.000201,0
"TradeDoubler AB",0.000201,0.000101,0.000101
"MLB Advanced Media, LP",0.000201,0.000201,0
"Design Barn, Inc.",0.000201,0,0.000201
"Cloud.IQ Limited",0.000201,0.000101,0.000101
"Robert Pavlick",0.000201,0,0.000201
"Naver Corporation",0.000201,0.000201,0
"Advanced Reservation Systems",0.000201,0.000201,0
"Vail Resorts Inc.",0.000201,0.000201,0
"Provide Support LLC",0.000201,0.000201,0
"Sosyo Plus Bilgi Bilişim Tekn. Dan. Hiz. Tic. A.Ş.",0.000201,0.000201,0
"Townsquare Media",0.000201,0.000201,0
"INFOnline GmbH",0.000201,0,0.000201
"Arello Mobile",0.000201,0.000201,0
"CleverPush GmbH",0.000201,0.000101,0.000101
"Sweetwater Sound, Inc.",0.000201,0,0.000201
"IntelliResponse",0.000201,0.000201,0
"Sport Ngin",0.000201,0.000201,0
"XO Group Inc.",0.000201,0,0.000201
"Universal Music Group",0.000201,0.000201,0
"Adnetik Inc.",0.000201,0,0.000201
"JackRabbit Systems",0.000201,0.000201,0
"TitanTV, Inc",0.000201,0.000101,0.000101
"IBI Group",0.000101,0,0.000101
"Scholarly iQ",0.000101,0.000101,0
"HP Inc",0.000101,0.000101,0
"Seven Network Operations Limited",0.000101,0,0.000101
"Brandsmind",0.000101,0,0.000101
"Northwestern University",0.000101,0.000101,0
"Bedigital Corporation",0.000101,0,0.000101
"Bonneville International Corporation",0.000101,0,0.000101
"Suluta Corp",0.000101,0.000101,0
"My Plaza Pty Ltd t/as Pulseware",0.000101,0.000101,0
"KALMBACH MEDIA CO.",0.000101,0,0.000101
"ASANA",0.000101,0,0.000101
"FanSided Inc.",0.000101,0.000101,0
"SCTR Services LLC",0.000101,0,0.000101
"The Christian Post",0.000101,0,0.000101
"SlimCut Media SAS",0.000101,0.000101,0
"OSOBNOSTI.cz, s.r.o.",0.000101,0,0.000101
"nazwa.pl sp. z o.o.",0.000101,0.000101,0
"Boston Professional Hockey Association, Inc.",0.000101,0.000101,0
"LEGO System A/S",0.000101,0,0.000101
"Cheaper Than Dirt, Inc",0.000101,0,0.000101
"State of California",0.000101,0,0.000101
"PRESIDÊNCIA DA REPÚBLICA",0.000101,0,0.000101
"SK Intertainment",0.000101,0,0.000101
"Cheezburger",0.000101,0.000101,0
"Citigroup Inc.",0.000101,0.000101,0
"ASDF Informatika Kft.",0.000101,0.000101,0
"TURTL SURF & IMMERSE",0.000101,0,0.000101
"Fexy Media, Inc.",0.000101,0.000101,0
"Global Healing Center, LP",0.000101,0.000101,0
"SpurIT UAB",0.000101,0.000101,0
"Rontar",0.000101,0.000101,0
"Space Squirrel Ltd.",0.000101,0.000101,0
"Blackbaud, Inc.",0.000101,0.000101,0
"Read the Docs, Inc",0.000101,0.000101,0
"Rambler Internet Holding, LLC",0.000101,0,0.000101
"CraveOnline Media, LLC",0.000101,0,0.000101
"Plotly, Inc",0.000101,0.000101,0
"FeedBlitz LLC",0.000101,0.000101,0
"WOMBO Studios Inc",0.000101,0,0.000101
"Carleton College",0.000101,0,0.000101
"GitLab B.V.",0.000101,0,0.000101
"Cornell University",0.000101,0.000101,0
"Blue Letter Bible",0.000101,0.000101,0
"InvoCube Ltd",0.000101,0,0.000101
"Guardian News & Media Limited",0.000101,0,0.000101
"FUNKE Corporate IT GmbH",0.000101,0,0.000101
"Content.ad",0.000101,0,0.000101
"3DNA Corp",0.000101,0.000101,0
"Game8,Inc.",0.000101,0,0.000101
"Zazzle Inc.",0.000101,0,0.000101
"hentaicdn.com",0.000101,0,0.000101
"LiquidM Technology GmbH",0.000101,0,0.000101
"Arcamax Publishing, Inc.",0.000101,0.000101,0
"JORDAN CLIST",0.000101,0,0.000101
"Seznam.cz, a.s.",0.000101,0.000101,0
"Whether or Knot LLC",0.000101,0.000101,0
"Kevin Ma",0.000101,0,0.000101
"FinancialContent Services Inc",0.000101,0,0.000101
"Awio Web Services LLC",0.000101,0.000101,0
"OVERUS SERVICES LIMITED",0.000101,0.000101,0
"上海千画网络科技有限公司",0.000101,0.000101,0
"Stackify, LLC",0.000101,0.000101,0
"Literally.Media",0.000101,0.000101,0
"Mastercard Technologies Canada ULC",0.000101,0.000101,0
"SquareOffs LLC",0.000101,0,0.000101
"Poynter Institute",0.000101,0,0.000101
"Abrams Media",0.000101,0,0.000101
"Ghost Foundation",0.000101,0,0.000101
"User Replay Ltd",0.000101,0.000101,0
"Cyllenius (division of VEGAS.com)",0.000101,0,0.000101
"F@N Communications, Inc",0.000101,0,0.000101
"Magicseaweed Ltd",0.000101,0,0.000101
"finanzen.net GmbH",0.000101,0.000101,0
"BitBalloon",0.000101,0.000101,0
"ConsumerTrack Inc.",0.000101,0.000101,0
"Groove Commerce",0.000101,0,0.000101
"MUSESCORE BVBA",0.000101,0,0.000101
"Hive Intelligence Ltd",0.000101,0.000101,0
"Legend Pictures, LLC",0.000101,0,0.000101
"Next Luxury",0.000101,0,0.000101
"Reach Media, Inc.",0.000101,0,0.000101
"Bloomberg L.P.",0.000101,0,0.000101
"Bureau of National Affairs, Inc.",0.000101,0,0.000101
"Ohio Department of Administrative Services",0.000101,0.000101,0
"Oklahoma, Office of Management and Enterprise Services",0.000101,0.000101,0
"Olympic Channel Services SL",0.000101,0,0.000101
"Bright Market LLC dba FastSpring",0.000101,0,0.000101
"pixiv Inc.",0.000101,0.000101,0
"G/O Media Inc.",0.000101,0.000101,0
"Impulse Studios",0.000101,0.000101,0
"Geniee International Pte.Ltd",0.000101,0.000101,0
"TrafMag",0.000101,0.000101,0
"Art Media holdings, llc.",0.000101,0,0.000101
"BitPay, Inc.",0.000101,0.000101,0
"Publitas.com B.V.",0.000101,0,0.000101
"10fold Solutions LLC",0.000101,0.000101,0
"Spiceworks, Inc",0.000101,0.000101,0
"Penske Media Corporation",0.000101,0,0.000101
"ExitReality",0.000101,0.000101,0
"LLC Internest-holding",0.000101,0.000101,0
"Shappify",0.000101,0.000101,0
"ABXY LLC",0.000101,0,0.000101
"DeepConverse",0.000101,0.000101,0
"Logitech Inc. SA",0.000101,0,0.000101
"Cimarron Lumber and Supply Co",0.000101,0,0.000101
"Bizzabo Ltd.",0.000101,0.000101,0
"Aaron Black",0.000101,0,0.000101
"The John Birch Society",0.000101,0.000101,0
"Network Gateway Solutions",0.000101,0.000101,0
"SpokenLayer",0.000101,0,0.000101
"Totem Entertainment",0.000101,0.000101,0
"Rev'd Up Inc",0.000101,0,0.000101
"Gravity.com LLC",0.000101,0,0.000101
"AutopilotHQ, inc",0.000101,0,0.000101
"Beijing Sumi Times Technology Co., Ltd.",0.000101,0,0.000101
"Freecaster SPRL",0.000101,0,0.000101
"Chatwee",0.000101,0.000101,0
"NetZero, Inc.",0.000101,0,0.000101
"Bright Pattern, Inc",0.000101,0.000101,0
"G-Core Innovations S.a.r.l",0.000101,0,0.000101
"AbeBooks Inc.",0.000101,0.000101,0
"Academia Inc",0.000101,0.000101,0
"Macromill, Inc.",0.000101,0,0.000101
"Xilinx, Inc.",0.000101,0.000101,0
"ZypMedia, Inc.",0.000101,0.000101,0
"WalkMe LTD",0.000101,0.000101,0
"HiConversion, Inc.",0.000101,0,0.000101
"Hyatt Corporation",0.000101,0.000101,0
"FAN Communications",0.000101,0,0.000101
"Viewster AG",0.000101,0.000101,0
"Sony Corporation",0.000101,0,0.000101
"AppliancePartsPros.com",0.000101,0.000101,0
"audienzz AG",0.000101,0.000101,0
"Leanplum, Inc.",0.000101,0,0.000101
"Orbis Ventures S.A.C.",0.000101,0,0.000101
"Prodege, LLC",0.000101,0.000101,0
"Ruby Life inc",0.000101,0.000101,0
"University of Houston",0.000101,0.000101,0
"JFG NETWORKS",0.000101,0,0.000101
"Entercom Communications Corporation",0.000101,0,0.000101
"Honda Motor Co.,Ltd.",0.000101,0,0.000101
"KELLEY BLUE BOOK CO., INC.",0.000101,0.000101,0
"Lesson Nine GmbH",0.000101,0,0.000101
"Oracle + Dyn",0.000101,0.000101,0
"CDNJS",0.000101,0,0.000101
"Beyond Security, Inc.",0.000101,0,0.000101
"Getty Images, Inc.",0.000101,0,0.000101
"Corey Tisdale",0.000101,0,0.000101
"ORDERGROOVE INC",0.000101,0.000101,0
"Showtime Networks Inc.",0.000101,0,0.000101
"Mobo Systems Inc",0.000101,0,0.000101
"Q4 Inc.",0.000101,0.000101,0
"Concorde Capital",0.000101,0.000101,0
"Cookie Trust Working Group, Inc. DBA Cookie Trust",0.000101,0,0.000101
"Roland Corporation",0.000101,0.000101,0
"Cybernet Entertainment LLC",0.000101,0,0.000101
"MediaNews Group, Inc",0.000101,0.000101,0
"International Consolidated Airlines Group S.A.",0.000101,0,0.000101
"Bud K World Wide, Inc",0.000101,0,0.000101
"Bass Pro Shops",0.000101,0.000101,0
"Capital One Financial Corporation",0.000101,0,0.000101
"ALZ Software Limited",0.000101,0.000101,0
"Conductrics",0.000101,0.000101,0
"Capterra, Inc.",0.000101,0.000101,0
"Ysance",0.000101,0.000101,0
"PIRIFORM SOFTWARE LIMITED",0.000101,0,0.000101
"Corte Lodato LLC",0.000101,0,0.000101
"Public Broadcasting Service",0.000101,0.000101,0
"Intellectual Reserve Inc.",0.000101,0.000101,0
"Coach, Inc.",0.000101,0.000101,0
"Ziprealty",0.000101,0.000101,0
"Washington State Department of Transportation",0.000101,0,0.000101
"Network18 Media And Investments Ltd",0.000101,0,0.000101
"ReadSpeaker Holding BV",0.000101,0.000101,0
"Enreach Solutions Oy",0.000101,0.000101,0
"Gemius S.A.",0.000101,0,0.000101
"GMO GlobalSign, Inc.",0.000101,0.000101,0
"Site Meter Inc.",0.000101,0,0.000101
"See the Same S.L",0.000101,0.000101,0
"Locl Interactive Inc.",0.000101,0,0.000101
"VesselFinder Ltd",0.000101,0,0.000101
"Sevio Solutions S.R.L.",0.000101,0.000101,0
"International Data Group, Inc.",0.000101,0,0.000101
"PageSuite LTD",0.000101,0,0.000101
"IAC (InterActiveCorp)",0.000101,0.000101,0
"THE ENDURANCE INTERNATIONAL GROUP, INC.",0.000101,0.000101,0
"BLOGMUSIK",0.000101,0.000101,0
"Reach plc",0.000101,0.000101,0
"OnScroll Limited",0.000101,0,0.000101
"Marketizator Friends SRL",0.000101,0.000101,0
"The Hut.com Ltd.",0.000101,0.000101,0
"Nabble",0.000101,0.000101,0
"Bitrix Ltd.",0.000101,0.000101,0
"PushPushGo Sp. z o. o.",0.000101,0.000101,0
"DFS Services LLC",0.000101,0.000101,0
"Discovery Communications, LLC",0.000101,0,0.000101
"Quotient Technology Inc.",0.000101,0,0.000101
"AbstractBrain srls",0.000101,0.000101,0
"Cyber Software Solutions, Inc",0.000101,0,0.000101
"Adonweb LLC",0.000101,0.000101,0
"getblue",0.000101,0.000101,0
"VISA INTERNATIONAL SERVICE ASSOCIATION",0.000101,0.000101,0
"Groove Networks LLC",0.000101,0.000101,0
"ENGINEERING.com",0.000101,0,0.000101
"Ano Nymous",0.000101,0.000101,0
"Trion Interactive LLC",0.000101,0,0.000101
"Cigna",0.000101,0.000101,0
"Shoppable (72Lux, Inc.)",0.000101,0.000101,0
"Vergic AB",0.000101,0.000101,0
"DOLLAR TREE STORES, INC.",0.000101,0,0.000101
"Avo Software inc.",0.000101,0.000101,0
"idio",0.000101,0.000101,0
"cyon GmbH",0.000101,0.000101,0
"Cogo Labs",0.000101,0.000101,0
"City of Los Angeles",0.000101,0,0.000101
"Bay Area Rapid Transit District (BART)",0.000101,0.000101,0
"Travelzoo Inc.",0.000101,0.000101,0
"Trader Corporation",0.000101,0.000101,0
"iArchives Inc.",0.000101,0,0.000101
"InterAct Websites Inc.",0.000101,0,0.000101
"Gubagoo, Inc",0.000101,0.000101,0
"Eckstut Enterprises LLC",0.000101,0.000101,0
"WER Group Buy LLC",0.000101,0,0.000101
"SendGrid, Inc",0.000101,0,0.000101
"iContact LLC",0.000101,0,0.000101
"FlixMobility GmbH",0.000101,0.000101,0
"VeriSign, Inc.",0.000101,0,0.000101
"Paul Helinski",0.000101,0,0.000101
"Haaretz Daily Newspaper Ltd.",0.000101,0,0.000101
"Neuranet Inc.",0.000101,0,0.000101
"Barilliance Systems Ltd.",0.000101,0.000101,0
"Magazine Manager",0.000101,0.000101,0
"TrackDuck",0.000101,0,0.000101
"Innity Sdn Bhd",0.000101,0.000101,0
"Constellation Web Solutions",0.000101,0.000101,0
"cloudinfra",0.000101,0.000101,0
"Alibris",0.000101,0.000101,0
"Booking.com B.V.",0.000101,0.000101,0
"Market Data Limited",0.000101,0.000101,0
"Ventiv media",0.000101,0,0.000101
"TARGUS Information Corporation",0.000101,0,0.000101
"PowerInbox, Inc.",0.000101,0,0.000101
"Open Water Development LLC",0.000101,0,0.000101
"EMPTY TANK LIMITED",0.000101,0.000101,0
"Tenor, Inc.",0.000101,0,0.000101
"Financial Industry Regulatory Authority, Inc.",0.000101,0.000101,0
"BrainPad Inc.",0.000101,0.000101,0
"primeNumber Inc.",0.000101,0.000101,0
"ITI COMMUNICATION",0.000101,0,0.000101
"Thinglink",0.000101,0.000101,0
"Yishai Goldstein",0.000101,0,0.000101
"Nanigans",0.000101,0,0.000101
"Drug Enforcement Administration",0.000101,0,0.000101
"HappyFox Inc",0.000101,0,0.000101
"Chris Haikalis",0.000101,0.000101,0
"accesso, LLC",0.000101,0,0.000101
"Kickstartr LLC",0.000101,0,0.000101
"Carfax, Inc.",0.000101,0.000101,0
"Die Socialisten Social Software Development GmbH",0.000101,0.000101,0
"U.S. Geological Survey",0.000101,0,0.000101
"University of Nebraska-Lincoln",0.000101,0,0.000101
"GetGo, Inc.",0.000101,0.000101,0
"Kreatio Software Pvt Ltd",0.000101,0,0.000101
"The Church of Jesus Christ of Latter-day Saints",0.000101,0.000101,0
"Snagfilms",0.000101,0.000101,0
"AfreecaTV co., Ltd",0.000101,0,0.000101
"Logos Bible Software",0.000101,0.000101,0
"GLOBIS HOLDING LIMITED",0.000101,0.000101,0
"ModernImpact, LLC",0.000101,0,0.000101
"CUSTOMERLABS DIGITAL SOLUTIONS PVT LTD",0.000101,0.000101,0
"CoStar Realty Information, Inc.",0.000101,0,0.000101
"NIC.UA LLC",0.000101,0,0.000101
"sociomantic labs GmbH",0.000101,0,0.000101
"J. Crew International Inc",0.000101,0,0.000101
"Radiant Media Player EURL",0.000101,0,0.000101
"SFBX SAS",0.000101,0.000101,0
"Commission Factory Pty Ltd",0.000101,0,0.000101
"Chegg Inc.",0.000101,0.000101,0
"Mayo Foundation for Medical Education and Research",0.000101,0.000101,0
"Foodient Ltd.",0.000101,0.000101,0
"Static Stuff LLC",0.000101,0.000101,0
"MidwayUSA",0.000101,0.000101,0
"OtherLevels Inc",0.000101,0.000101,0
"Market Connect",0.000101,0.000101,0
"Lenovo (Beijing) Limited",0.000101,0.000101,0
"AD60",0.000101,0,0.000101
"Kraft Foods",0.000101,0,0.000101
"Boyle Software, Inc.",0.000101,0.000101,0
"eTrust Pro Inc.",0.000101,0,0.000101
"Springer Nature B.V.",0.000101,0,0.000101
"BrightLine Partners LLC",0.000101,0,0.000101
"Universal City Studios",0.000101,0,0.000101
"Executive Office of the State of North Carolina",0.000101,0,0.000101
"Express Publications LTD",0.000101,0,0.000101
"Gopalan",0.000101,0,0.000101
"Ian Birkby",0.000101,0,0.000101
"News Corp Australia Pty Limited",0.000101,0,0.000101
"Free Speech Systems LLC",0.000101,0,0.000101
"Tribune Publishing Company, LLC",0.000101,0,0.000101
"Barstool Sports",0.000101,0,0.000101
"IGT Global Solutions Corporation",0.000101,0,0.000101
"Ka Mo Lau",0.000101,0,0.000101
"Ducks Unlimited Lands, LLC",0.000101,0,0.000101
"TokenEx, LLC",0.000101,0,0.000101
"Sajari",0.000101,0.000101,0
"Acquisio inc.",0.000101,0.000101,0
"LLC CDN-video",0.000101,0,0.000101
"Medianova Internet Hizmetleri A.S.",0.000101,0,0.000101
"Globo Comunicacao e Participacoes S.A.",0.000101,0,0.000101
"UnitedHealth Group Inc.",0.000101,0.000101,0
"MINITOOL SOLUTION LTD",0.000101,0,0.000101
"Kiosked Ltd",0.000101,0,0.000101
"PennyMac Loan Services, LLC",0.000101,0,0.000101
"Random House IT",0.000101,0.000101,0
"Spheracode",0.000101,0,0.000101
"Nestlé Ltd",0.000101,0,0.000101
"NASCAR",0.000101,0.000101,0
"SatisMeter",0.000101,0.000101,0
"Idna Domain Admin",0.000101,0,0.000101
"Amino Payments",0.000101,0,0.000101
"Svanaco,  Inc.",0.000101,0.000101,0
"Naabo Solutions Pvt. Ltd.",0.000101,0.000101,0
"PRETTYLITTLETHING.COM LTD",0.000101,0.000101,0
"LCN.com Ltd",0.000101,0.000101,0
"KAYAK SOFTWARE CORPORATION",0.000101,0.000101,0
"Inuvo",0.000101,0,0.000101
"Scanner Master Corp.",0.000101,0,0.000101
"Online Solution Int Ltd",0.000101,0,0.000101
"Internet Billboard a.s.",0.000101,0,0.000101
"Ebates Performance Marketing, Inc.",0.000101,0.000101,0
"Lampo Licensing, LLC",0.000101,0.000101,0
"VerticalScope Inc",0.000101,0.000101,0
"APN, LLC",0.000101,0,0.000101
"Refinery29",0.000101,0,0.000101
"Marriott International Inc.",0.000101,0.000101,0
"Beijing IPinYou Information Technologies Co Ltd",0.000101,0.000101,0
"THEO Technologies",0.000101,0.000101,0
"thePlatform, LLC",0.000101,0,0.000101
"BPS Info Solutions, Inc.",0.000101,0.000101,0
"ConnectionPoint Systems Inc.",0.000101,0.000101,0
"Good Sam Enterprises LLC.",0.000101,0.000101,0
"TRADER INTERACTIVE, LLC",0.000101,0.000101,0
"4-Tell, Inc.",0.000101,0,0.000101
"W3trends, Inc.",0.000101,0,0.000101
"DIGITAL BUSINESS INTELLIGENCE",0.000101,0.000101,0
"Okanjo Partners, Inc.",0.000101,0.000101,0
"True Fit Corporation",0.000101,0.000101,0
"Park taejoon",0.000101,0.000101,0
"AAAS",0.000101,0,0.000101
"B&H Photo",0.000101,0.000101,0
"Live Nation Entertainment",0.000101,0.000101,0
"Houzz Inc.",0.000101,0.000101,0
"Ably Real-time Ltd",0.000101,0,0.000101
"Springboard Video, LLC",0.000101,0,0.000101
"Instart Logic, Inc",0.000101,0,0.000101
"Sierra Trading Post",0.000101,0.000101,0
"Jack Henry and Associates Inc.",0.000101,0,0.000101
"Allegiance Inc",0.000101,0,0.000101
"BeyondWords",0.000101,0,0.000101
"Smithsonian Institution",0.000101,0,0.000101
"bet365 Group Limited",0.000101,0.000101,0
"SK Acquisition Ltd.",0.000101,0.000101,0
"Sotheby's, Inc.",0.000101,0,0.000101
"SVSound",0.000101,0.000101,0
"sprd.net AG",0.000101,0.000101,0
"T-Mobile USA, Inc.",0.000101,0.000101,0
"Secret Sauce Partners, Inc.",0.000101,0.000101,0
"Metric Feat, LLC",0.000101,0,0.000101
"CONVERMAX CORP.",0.000101,0.000101,0
"Major League Soccer LLC.",0.000101,0,0.000101
"Ellipsis Technologies, Inc.",0.000101,0.000101,0
"Cvent, Inc.",0.000101,0,0.000101
"Augmented Reality Concepts, Inc.",0.000101,0.000101,0
"viagogo AG",0.000101,0.000101,0
"Fanatics, Inc.",0.000101,0,0.000101
"Buzzbox Media PA LP",0.000101,0,0.000101
"PBase.com, LLC",0.000101,0,0.000101
"Discount Book Distributors",0.000101,0,0.000101
"National Priorities Project, Inc",0.000101,0,0.000101
"Gourmet Ads Pty Limited",0.000101,0.000101,0
"P. Bordas SARL",0.000101,0.000101,0
"Atlantic Media Inc.",0.000101,0.000101,0
"SARJ, LLC",0.000101,0,0.000101
"Effective Measure International Pty Ltd",0.000101,0,0.000101
"TerraDat UK Ltd",0.000101,0,0.000101
"FLOW COMMERCE INC",0.000101,0,0.000101
"Bauer Systems KG",0.000101,0.000101,0
"DTN, LLC",0.000101,0.000101,0
"General Systems Corporation",0.000101,0.000101,0
"Transfermarkt GmbH & Co. KG",0.000101,0,0.000101
"Motif Tools B.V.",0.000101,0,0.000101
"3Play Media, Inc",0.000101,0,0.000101
"Internet Archive",0.000101,0,0.000101
"Vix, Inc.",0.000101,0.000101,0
"USlegal, Inc.",0.000101,0.000101,0
"NetElixir, Inc.",0.000101,0.000101,0
"JustWatch GmbH",0.000101,0,0.000101
"Direzione delle Telecomunicazioni del Governatorato",0.000101,0,0.000101
"Radar Labs, Inc.",0.000101,0,0.000101
"HELLO UMI S.L.",0.000101,0,0.000101
"Heartlight",0.000101,0,0.000101
"Cashshield Pte Ltd",0.000101,0.000101,0
"New Times Media, LLC",0.000101,0.000101,0
"US Bank",0.000101,0.000101,0
"Thinkmap, Inc.",0.000101,0.000101,0
"Interpersonal Frequency LLC",0.000101,0,0.000101
"Ignite Enterprise Software Solutions, Inc.",0.000101,0.000101,0
"Western Digital Corporation",0.000101,0.000101,0
"Prime Publishing LLC",0.000101,0.000101,0
"Roy Morgan Research Ltd.",0.000101,0.000101,0
"WHISTLEOUT PTY LTD",0.000101,0,0.000101
"TARROB WEB SERVICES",0.000101,0.000101,0
"Wikihow Inc.",0.000101,0,0.000101
"Performance Horizon Group",0.000101,0,0.000101
"alex yastrebenetsky",0.000101,0,0.000101
"INLINE MANUAL LTD",0.000101,0,0.000101
"Research and Analysis of Media in Sweden AB",0.000101,0,0.000101
"IT Manager",0.000101,0,0.000101
"Zinio LLC",0.000101,0,0.000101
"Gravity R&D Zrt",0.000101,0.000101,0
"NetEase, Inc.",0.000101,0.000101,0
"TROVIT",0.000101,0.000101,0
"KONINKLIJKE LUCHTVAART MAATSCHAPPIJ N.V.",0.000101,0.000101,0
"THE TRUSTEE FOR POH FAMILY TRUST",0.000101,0.000101,0
"Mailjet SAS",0.000101,0,0.000101
